"sample","accuracy","kernel","nu","epsilon"
1,19.6,"polydot",0.467120197368786,0.0147499435115606
2,19.63,"vanilladot",0.7855471346993,0.142732564127073
